multiplier,performance
-6,0.5196865936989871
-1.5,0.5405978548513679
-1.0,0.6000491364097804
0.0,0.6109176232517417
1.0,0.6316799076748064
1.5,0.6350487823423876
6,0.5005444572025878
